[
{"type":"header","version":"4.7.7","comment":"Export to JSON plugin for PHPMyAdmin"},
{"type":"database","name":"redhotra_rattlers"},
{"type":"table","name":"TourDates","database":"redhotra_rattlers","data":
[
{"ID":"132","Date":"2011-04-29","Time":"8pm","the_venue":"Q106 Majestic theater free concert","City":"Madison","VenueId":"68"},
{"ID":"131","Date":"2011-04-29","Time":"TBA","the_venue":"Urban Theater","City":"Madison","VenueId":"73"},
{"ID":"125","Date":"2011-05-28","Time":"6-8:30pm","the_venue":"New Glarus music festival","City":"New Glarus","VenueId":"69"},
{"ID":"128","Date":"2011-06-10","Time":"8pm-12am","the_venue":"Verona Home Town Days","City":"Verona ","VenueId":"71"},
{"ID":"127","Date":"2011-07-02","Time":"8pm-12am","the_venue":"Monona Community Festival","City":"Monona","VenueId":"72"},
{"ID":"133","Date":"2011-07-03","Time":"6-10pm","the_venue":"Evansville Carnival ","City":"Evansville","VenueId":"37"},
{"ID":"139","Date":"2011-07-08","Time":"12 noon","the_venue":"Hodag Music Festival","City":"Rhinelander ","VenueId":"56"},
{"ID":"126","Date":"2011-07-08","Time":"9-1:00am","the_venue":"Hollandale Fireman's Festival","City":"Hollandale","VenueId":"70"},
{"ID":"136","Date":"2011-07-30","Time":"TBA","the_venue":"Poynette Street Dance","City":"Poynette","VenueId":"76"},
{"ID":"129","Date":"2011-08-11","Time":"6-10pm","the_venue":"Fitz's On The Lake","City":"Lodi","VenueId":"25"},
{"ID":"140","Date":"2011-08-12","Time":"0","the_venue":"Red Mouse","City":"Pine Bluff","VenueId":"77"},
{"ID":"134","Date":"2011-08-13","Time":"8pm-12am","the_venue":"Stoughton Fireman's Dance","City":"Stoughton","VenueId":"74"},
{"ID":"138","Date":"2011-09-03","Time":"TBA","the_venue":"Taste of Madison","City":"Madison","VenueId":"28"},
{"ID":"130","Date":"2011-09-10","Time":"8-11:30","the_venue":"Sacred Hearts Festival","City":"Sun Prairie","VenueId":"39"},
{"ID":"135","Date":"2011-09-17","Time":"7pm-11pm","the_venue":"Cambridge Fireman's Fest","City":"Cambridge","VenueId":"75"},
{"ID":"142","Date":"2011-09-18","Time":"0","the_venue":"Badger Bowl","City":"Madison","VenueId":"46"},
{"ID":"145","Date":"2011-09-29","Time":"7pm","the_venue":"Q106 free concert","City":"Madison","VenueId":"78"},
{"ID":"141","Date":"2011-10-07","Time":"0","the_venue":"Badger Bowl","City":"Madison","VenueId":"46"},
{"ID":"137","Date":"2011-11-05","Time":"TBA","the_venue":"UW Field House","City":"Madison","VenueId":"14"},
{"ID":"146","Date":"2011-11-12","Time":"9:30 ","the_venue":"Badger Bowl","City":"Madison","VenueId":"46"},
{"ID":"143","Date":"2011-12-03","Time":"9-1pm","the_venue":"Club Tavern","City":"Middleton","VenueId":"45"},
{"ID":"144","Date":"2012-02-25","Time":"9-1pm","the_venue":"Club Tavern","City":"Middleton","VenueId":"45"},
{"ID":"147","Date":"2012-03-03","Time":"9:30-1am","the_venue":"HSJC FUR BALL ","City":"Jefferson","VenueId":"80"},
{"ID":"148","Date":"2012-03-17","Time":"9-1am","the_venue":"Sugar River Lanes","City":"Belleville","VenueId":"82"},
{"ID":"149","Date":"2012-03-30","Time":"9:30-130","the_venue":"Badger Bowl","City":"Madison","VenueId":"46"},
{"ID":"150","Date":"2012-06-21","Time":"5pm","the_venue":"Star Spangled Celebration","City":"Richland center","VenueId":"60"},
{"ID":"159","Date":"2012-06-30","Time":"7-11pm","the_venue":"Trails End Bar & Grill ","City":"Nakoosa","VenueId":"40"},
{"ID":"151","Date":"2012-07-04","Time":"8-12pm","the_venue":"Monona Community Festival","City":"Monona","VenueId":"72"},
{"ID":"158","Date":"2012-07-06","Time":"9-1pm","the_venue":"Hollandale Fireman's Festival","City":"Hollandale","VenueId":"70"},
{"ID":"163","Date":"2012-07-19","Time":"7-8:30pm","the_venue":"Dane County Fair","City":"Madison ","VenueId":"84"},
{"ID":"153","Date":"2012-07-28","Time":"8-12pm","the_venue":"St Dennis Festival","City":"Madison","VenueId":"81"},
{"ID":"162","Date":"2012-08-04","Time":"8-12pm","the_venue":"Honey Creek Rod & Gun Club","City":"Leland ","VenueId":"83"},
{"ID":"154","Date":"2012-08-09","Time":"6-10pm","the_venue":"Fitz's On The Lake","City":"Lodi","VenueId":"25"},
{"ID":"160","Date":"2012-08-11","Time":"7-11","the_venue":"Trails End Bar & Grill ","City":"Nakoosa","VenueId":"40"},
{"ID":"157","Date":"2012-09-01","Time":"4pm","the_venue":"Taste of Madison","City":"Madison","VenueId":"28"},
{"ID":"155","Date":"2012-09-08","Time":"8-11:30","the_venue":"Sacred Hearts Festival","City":"Sun Prairie","VenueId":"39"},
{"ID":"161","Date":"2012-09-15","Time":"8-12pm","the_venue":"Cambridge Fireman's Fest","City":"Cambridge","VenueId":"75"},
{"ID":"156","Date":"2012-11-17","Time":"11:45:00","the_venue":"UW Field House","City":"Madison","VenueId":"14"},
{"ID":"165","Date":"2013-01-26","Time":"9:15","the_venue":"Badger Bowl","City":"Madison","VenueId":"46"},
{"ID":"166","Date":"2013-03-02","Time":"0","the_venue":"HSJC FUR BALL ","City":"Jefferson","VenueId":"80"},
{"ID":"171","Date":"2013-04-26","Time":"7:pm","the_venue":" Kestrel Ridge Golf Club ","City":"Columbus","VenueId":"87"},
{"ID":"172","Date":"2013-05-31","Time":"8-12pm","the_venue":"Angell Park","City":"Sun Prairie ","VenueId":"88"},
{"ID":"173","Date":"2013-06-08","Time":"0","the_venue":"Mt. Horeb Frolic","City":"Mount Horeb","VenueId":"20"},
{"ID":"168","Date":"2013-07-27","Time":"8-12pm","the_venue":"Plain Fire and EMS 3-Day Celebration","City":"Plain","VenueId":"55"},
{"ID":"175","Date":"2013-08-24","Time":"1-5pm","the_venue":"Private Party","City":"Nakoosa","VenueId":"92"},
{"ID":"174","Date":"2013-08-31","Time":"2:30pm","the_venue":"Taste of Madison","City":"Madison","VenueId":"28"},
{"ID":"182","Date":"2013-08-31","Time":"9:30-1pm","the_venue":"Club Tavern","City":"Middleton","VenueId":"45"},
{"ID":"169","Date":"2013-09-07","Time":"7:30","the_venue":"Sacred Hearts Festival","City":"Sun Prairie","VenueId":"39"},
{"ID":"183","Date":"2013-09-14","Time":"5:30pm","the_venue":"Badger Bowl","City":"Madison","VenueId":"46"},
{"ID":"181","Date":"2013-09-21","Time":"9pm","the_venue":"Dorf Haus","City":"Roxbury","VenueId":"91"},
{"ID":"179","Date":"2013-10-26","Time":"9-1pm","the_venue":"Club Tavern","City":"Middleton","VenueId":"45"},
{"ID":"170","Date":"2013-11-30","Time":"TBA","the_venue":"UW Field House","City":"Madison","VenueId":"14"},
{"ID":"185","Date":"2013-12-06","Time":"9:30pm","the_venue":"Pillars Pub","City":"West Bend","VenueId":"94"},
{"ID":"186","Date":"2014-04-26","Time":"tba","the_venue":" Kestrel Ridge Golf Club ","City":"Columbus","VenueId":"87"},
{"ID":"187","Date":"2014-07-12","Time":"1:30 pm","the_venue":"Art Fair on the Square","City":"Madison","VenueId":"95"},
{"ID":"189","Date":"2014-08-30","Time":"2:30 pm","the_venue":"Taste of Madison","City":"Madison","VenueId":"28"},
{"ID":"188","Date":"2014-09-06","Time":"7:30 pm","the_venue":"Sacred Hearts Festival","City":"Sun Prairie","VenueId":"39"},
{"ID":"191","Date":"2014-12-31","Time":"09:00:00","the_venue":"KEVA Sports Center","City":"Middleton","VenueId":"96"},
{"ID":"194","Date":"2015-04-25","Time":"4:00 pm","the_venue":"JP Foz's","City":"West Bend","VenueId":"98"},
{"ID":"192","Date":"2015-05-08","Time":"07:00 pm","the_venue":" Kestrel Ridge Golf Club ","City":"Columbus","VenueId":"87"},
{"ID":"196","Date":"2015-05-09","Time":"09:00 pm","the_venue":"Badger Bowl","City":"Madison","VenueId":"46"},
{"ID":"197","Date":"2015-07-25","Time":"04:30 pm","the_venue":"Poynette Street Dance","City":"Poynette","VenueId":"76"},
{"ID":"195","Date":"2015-08-29","Time":"09:00 pm","the_venue":"Hody Bar","City":"Middleton","VenueId":"97"},
{"ID":"193","Date":"2015-09-05","Time":"4 pm","the_venue":"Taste of Madison","City":"Madison","VenueId":"28"},
{"ID":"198","Date":"2016-04-22","Time":"7:00 pm","the_venue":" Kestrel Ridge Golf Club ","City":"Columbus","VenueId":"87"},
{"ID":"200","Date":"2017-03-18","Time":"8:00 pm","the_venue":"Bowl-A-Vard","City":"Madison","VenueId":"99"},
{"ID":"199","Date":"2017-05-12","Time":"7:00 pm","the_venue":" Kestrel Ridge Golf Club ","City":"Columbus","VenueId":"87"},
{"ID":"201","Date":"2018-06-09","Time":"0","the_venue":"Private Party","City":null,"VenueId":"100"},
{"ID":"202","Date":"2018-06-18","Time":"6:00pm","the_venue":"Warner Park Community Recreation Center","City":"Madison","VenueId":"101"},
{"ID":"203","Date":"2018-09-15","Time":"7:30pm","the_venue":"CANCELED - Kestrel Ridge Golf Club ","City":"Columbus","VenueId":"87"}
]
}
]
