<?xml version="1.0" encoding="utf-8"?>
<!--
- phpMyAdmin XML Dump
- version 4.7.7
- https://www.phpmyadmin.net
-
- Host: localhost:3306
- Generation Time: Jul 26, 2018 at 02:38 PM
- Server version: 5.6.32-78.1
- PHP Version: 5.6.30
-->

<pma_xml_export version="1.0" xmlns:pma="https://www.phpmyadmin.net/some_doc_url/">
    <!--
    - Structure schemas
    -->
    <pma:structure_schemas>
        <pma:database name="redhotra_rattlers" collation="utf8_unicode_ci" charset="utf8">
            <pma:table name="TourDates">
                CREATE TABLE `TourDates` (
                  `ID` bigint(16) NOT NULL AUTO_INCREMENT,
                  `VenueID` bigint(16) DEFAULT NULL,
                  `Date` date DEFAULT NULL,
                  `Time` varchar(150) DEFAULT NULL,
                  `Title` varchar(255) DEFAULT NULL,
                  `CoverCharge` int(8) DEFAULT NULL,
                  `OpeningBand1` varchar(255) DEFAULT NULL,
                  `OpeningWeb1` varchar(255) DEFAULT NULL,
                  `OpeningBand2` varchar(255) DEFAULT NULL,
                  `OpeningWeb2` varchar(255) DEFAULT NULL,
                  `OpeningBand3` varchar(255) DEFAULT NULL,
                  `OpeningWeb3` varchar(255) DEFAULT NULL,
                  `Headliner` varchar(255) DEFAULT NULL,
                  `HeadlinerWeb` varchar(255) DEFAULT NULL,
                  `Description` text,
                  `OffDate` char(1) NOT NULL DEFAULT '0',
                  `ticketQty` int(3) unsigned NOT NULL DEFAULT '0',
                  PRIMARY KEY (`ID`)
                ) ENGINE=MyISAM AUTO_INCREMENT=204 DEFAULT CHARSET=latin1;
            </pma:table>
        </pma:database>
    </pma:structure_schemas>

    <!--
    - Database: 'redhotra_rattlers'
    -->
    <database name="redhotra_rattlers">
        <!-- Table TourDates -->
        <table name="TourDates">
            <column name="ID">132</column>
            <column name="Date">2011-04-29</column>
            <column name="Time">8pm</column>
            <column name="the_venue">Q106 Majestic theater free concert</column>
            <column name="City">Madison</column>
            <column name="VenueId">68</column>
        </table>
        <table name="TourDates">
            <column name="ID">131</column>
            <column name="Date">2011-04-29</column>
            <column name="Time">TBA</column>
            <column name="the_venue">Urban Theater</column>
            <column name="City">Madison</column>
            <column name="VenueId">73</column>
        </table>
        <table name="TourDates">
            <column name="ID">125</column>
            <column name="Date">2011-05-28</column>
            <column name="Time">6-8:30pm</column>
            <column name="the_venue">New Glarus music festival</column>
            <column name="City">New Glarus</column>
            <column name="VenueId">69</column>
        </table>
        <table name="TourDates">
            <column name="ID">128</column>
            <column name="Date">2011-06-10</column>
            <column name="Time">8pm-12am</column>
            <column name="the_venue">Verona Home Town Days</column>
            <column name="City">Verona </column>
            <column name="VenueId">71</column>
        </table>
        <table name="TourDates">
            <column name="ID">127</column>
            <column name="Date">2011-07-02</column>
            <column name="Time">8pm-12am</column>
            <column name="the_venue">Monona Community Festival</column>
            <column name="City">Monona</column>
            <column name="VenueId">72</column>
        </table>
        <table name="TourDates">
            <column name="ID">133</column>
            <column name="Date">2011-07-03</column>
            <column name="Time">6-10pm</column>
            <column name="the_venue">Evansville Carnival </column>
            <column name="City">Evansville</column>
            <column name="VenueId">37</column>
        </table>
        <table name="TourDates">
            <column name="ID">139</column>
            <column name="Date">2011-07-08</column>
            <column name="Time">12 noon</column>
            <column name="the_venue">Hodag Music Festival</column>
            <column name="City">Rhinelander </column>
            <column name="VenueId">56</column>
        </table>
        <table name="TourDates">
            <column name="ID">126</column>
            <column name="Date">2011-07-08</column>
            <column name="Time">9-1:00am</column>
            <column name="the_venue">Hollandale Fireman's Festival</column>
            <column name="City">Hollandale</column>
            <column name="VenueId">70</column>
        </table>
        <table name="TourDates">
            <column name="ID">136</column>
            <column name="Date">2011-07-30</column>
            <column name="Time">TBA</column>
            <column name="the_venue">Poynette Street Dance</column>
            <column name="City">Poynette</column>
            <column name="VenueId">76</column>
        </table>
        <table name="TourDates">
            <column name="ID">129</column>
            <column name="Date">2011-08-11</column>
            <column name="Time">6-10pm</column>
            <column name="the_venue">Fitz's On The Lake</column>
            <column name="City">Lodi</column>
            <column name="VenueId">25</column>
        </table>
        <table name="TourDates">
            <column name="ID">140</column>
            <column name="Date">2011-08-12</column>
            <column name="Time">0</column>
            <column name="the_venue">Red Mouse</column>
            <column name="City">Pine Bluff</column>
            <column name="VenueId">77</column>
        </table>
        <table name="TourDates">
            <column name="ID">134</column>
            <column name="Date">2011-08-13</column>
            <column name="Time">8pm-12am</column>
            <column name="the_venue">Stoughton Fireman's Dance</column>
            <column name="City">Stoughton</column>
            <column name="VenueId">74</column>
        </table>
        <table name="TourDates">
            <column name="ID">138</column>
            <column name="Date">2011-09-03</column>
            <column name="Time">TBA</column>
            <column name="the_venue">Taste of Madison</column>
            <column name="City">Madison</column>
            <column name="VenueId">28</column>
        </table>
        <table name="TourDates">
            <column name="ID">130</column>
            <column name="Date">2011-09-10</column>
            <column name="Time">8-11:30</column>
            <column name="the_venue">Sacred Hearts Festival</column>
            <column name="City">Sun Prairie</column>
            <column name="VenueId">39</column>
        </table>
        <table name="TourDates">
            <column name="ID">135</column>
            <column name="Date">2011-09-17</column>
            <column name="Time">7pm-11pm</column>
            <column name="the_venue">Cambridge Fireman's Fest</column>
            <column name="City">Cambridge</column>
            <column name="VenueId">75</column>
        </table>
        <table name="TourDates">
            <column name="ID">142</column>
            <column name="Date">2011-09-18</column>
            <column name="Time">0</column>
            <column name="the_venue">Badger Bowl</column>
            <column name="City">Madison</column>
            <column name="VenueId">46</column>
        </table>
        <table name="TourDates">
            <column name="ID">145</column>
            <column name="Date">2011-09-29</column>
            <column name="Time">7pm</column>
            <column name="the_venue">Q106 free concert</column>
            <column name="City">Madison</column>
            <column name="VenueId">78</column>
        </table>
        <table name="TourDates">
            <column name="ID">141</column>
            <column name="Date">2011-10-07</column>
            <column name="Time">0</column>
            <column name="the_venue">Badger Bowl</column>
            <column name="City">Madison</column>
            <column name="VenueId">46</column>
        </table>
        <table name="TourDates">
            <column name="ID">137</column>
            <column name="Date">2011-11-05</column>
            <column name="Time">TBA</column>
            <column name="the_venue">UW Field House</column>
            <column name="City">Madison</column>
            <column name="VenueId">14</column>
        </table>
        <table name="TourDates">
            <column name="ID">146</column>
            <column name="Date">2011-11-12</column>
            <column name="Time">9:30 </column>
            <column name="the_venue">Badger Bowl</column>
            <column name="City">Madison</column>
            <column name="VenueId">46</column>
        </table>
        <table name="TourDates">
            <column name="ID">143</column>
            <column name="Date">2011-12-03</column>
            <column name="Time">9-1pm</column>
            <column name="the_venue">Club Tavern</column>
            <column name="City">Middleton</column>
            <column name="VenueId">45</column>
        </table>
        <table name="TourDates">
            <column name="ID">144</column>
            <column name="Date">2012-02-25</column>
            <column name="Time">9-1pm</column>
            <column name="the_venue">Club Tavern</column>
            <column name="City">Middleton</column>
            <column name="VenueId">45</column>
        </table>
        <table name="TourDates">
            <column name="ID">147</column>
            <column name="Date">2012-03-03</column>
            <column name="Time">9:30-1am</column>
            <column name="the_venue">HSJC FUR BALL </column>
            <column name="City">Jefferson</column>
            <column name="VenueId">80</column>
        </table>
        <table name="TourDates">
            <column name="ID">148</column>
            <column name="Date">2012-03-17</column>
            <column name="Time">9-1am</column>
            <column name="the_venue">Sugar River Lanes</column>
            <column name="City">Belleville</column>
            <column name="VenueId">82</column>
        </table>
        <table name="TourDates">
            <column name="ID">149</column>
            <column name="Date">2012-03-30</column>
            <column name="Time">9:30-130</column>
            <column name="the_venue">Badger Bowl</column>
            <column name="City">Madison</column>
            <column name="VenueId">46</column>
        </table>
        <table name="TourDates">
            <column name="ID">150</column>
            <column name="Date">2012-06-21</column>
            <column name="Time">5pm</column>
            <column name="the_venue">Star Spangled Celebration</column>
            <column name="City">Richland center</column>
            <column name="VenueId">60</column>
        </table>
        <table name="TourDates">
            <column name="ID">159</column>
            <column name="Date">2012-06-30</column>
            <column name="Time">7-11pm</column>
            <column name="the_venue">Trails End Bar &amp; Grill </column>
            <column name="City">Nakoosa</column>
            <column name="VenueId">40</column>
        </table>
        <table name="TourDates">
            <column name="ID">151</column>
            <column name="Date">2012-07-04</column>
            <column name="Time">8-12pm</column>
            <column name="the_venue">Monona Community Festival</column>
            <column name="City">Monona</column>
            <column name="VenueId">72</column>
        </table>
        <table name="TourDates">
            <column name="ID">158</column>
            <column name="Date">2012-07-06</column>
            <column name="Time">9-1pm</column>
            <column name="the_venue">Hollandale Fireman's Festival</column>
            <column name="City">Hollandale</column>
            <column name="VenueId">70</column>
        </table>
        <table name="TourDates">
            <column name="ID">163</column>
            <column name="Date">2012-07-19</column>
            <column name="Time">7-8:30pm</column>
            <column name="the_venue">Dane County Fair</column>
            <column name="City">Madison </column>
            <column name="VenueId">84</column>
        </table>
        <table name="TourDates">
            <column name="ID">153</column>
            <column name="Date">2012-07-28</column>
            <column name="Time">8-12pm</column>
            <column name="the_venue">St Dennis Festival</column>
            <column name="City">Madison</column>
            <column name="VenueId">81</column>
        </table>
        <table name="TourDates">
            <column name="ID">162</column>
            <column name="Date">2012-08-04</column>
            <column name="Time">8-12pm</column>
            <column name="the_venue">Honey Creek Rod &amp; Gun Club</column>
            <column name="City">Leland </column>
            <column name="VenueId">83</column>
        </table>
        <table name="TourDates">
            <column name="ID">154</column>
            <column name="Date">2012-08-09</column>
            <column name="Time">6-10pm</column>
            <column name="the_venue">Fitz's On The Lake</column>
            <column name="City">Lodi</column>
            <column name="VenueId">25</column>
        </table>
        <table name="TourDates">
            <column name="ID">160</column>
            <column name="Date">2012-08-11</column>
            <column name="Time">7-11</column>
            <column name="the_venue">Trails End Bar &amp; Grill </column>
            <column name="City">Nakoosa</column>
            <column name="VenueId">40</column>
        </table>
        <table name="TourDates">
            <column name="ID">157</column>
            <column name="Date">2012-09-01</column>
            <column name="Time">4pm</column>
            <column name="the_venue">Taste of Madison</column>
            <column name="City">Madison</column>
            <column name="VenueId">28</column>
        </table>
        <table name="TourDates">
            <column name="ID">155</column>
            <column name="Date">2012-09-08</column>
            <column name="Time">8-11:30</column>
            <column name="the_venue">Sacred Hearts Festival</column>
            <column name="City">Sun Prairie</column>
            <column name="VenueId">39</column>
        </table>
        <table name="TourDates">
            <column name="ID">161</column>
            <column name="Date">2012-09-15</column>
            <column name="Time">8-12pm</column>
            <column name="the_venue">Cambridge Fireman's Fest</column>
            <column name="City">Cambridge</column>
            <column name="VenueId">75</column>
        </table>
        <table name="TourDates">
            <column name="ID">156</column>
            <column name="Date">2012-11-17</column>
            <column name="Time">11:45:00</column>
            <column name="the_venue">UW Field House</column>
            <column name="City">Madison</column>
            <column name="VenueId">14</column>
        </table>
        <table name="TourDates">
            <column name="ID">165</column>
            <column name="Date">2013-01-26</column>
            <column name="Time">9:15</column>
            <column name="the_venue">Badger Bowl</column>
            <column name="City">Madison</column>
            <column name="VenueId">46</column>
        </table>
        <table name="TourDates">
            <column name="ID">166</column>
            <column name="Date">2013-03-02</column>
            <column name="Time">0</column>
            <column name="the_venue">HSJC FUR BALL </column>
            <column name="City">Jefferson</column>
            <column name="VenueId">80</column>
        </table>
        <table name="TourDates">
            <column name="ID">171</column>
            <column name="Date">2013-04-26</column>
            <column name="Time">7:pm</column>
            <column name="the_venue"> Kestrel Ridge Golf Club </column>
            <column name="City">Columbus</column>
            <column name="VenueId">87</column>
        </table>
        <table name="TourDates">
            <column name="ID">172</column>
            <column name="Date">2013-05-31</column>
            <column name="Time">8-12pm</column>
            <column name="the_venue">Angell Park</column>
            <column name="City">Sun Prairie </column>
            <column name="VenueId">88</column>
        </table>
        <table name="TourDates">
            <column name="ID">173</column>
            <column name="Date">2013-06-08</column>
            <column name="Time">0</column>
            <column name="the_venue">Mt. Horeb Frolic</column>
            <column name="City">Mount Horeb</column>
            <column name="VenueId">20</column>
        </table>
        <table name="TourDates">
            <column name="ID">168</column>
            <column name="Date">2013-07-27</column>
            <column name="Time">8-12pm</column>
            <column name="the_venue">Plain Fire and EMS 3-Day Celebration</column>
            <column name="City">Plain</column>
            <column name="VenueId">55</column>
        </table>
        <table name="TourDates">
            <column name="ID">175</column>
            <column name="Date">2013-08-24</column>
            <column name="Time">1-5pm</column>
            <column name="the_venue">Private Party</column>
            <column name="City">Nakoosa</column>
            <column name="VenueId">92</column>
        </table>
        <table name="TourDates">
            <column name="ID">174</column>
            <column name="Date">2013-08-31</column>
            <column name="Time">2:30pm</column>
            <column name="the_venue">Taste of Madison</column>
            <column name="City">Madison</column>
            <column name="VenueId">28</column>
        </table>
        <table name="TourDates">
            <column name="ID">182</column>
            <column name="Date">2013-08-31</column>
            <column name="Time">9:30-1pm</column>
            <column name="the_venue">Club Tavern</column>
            <column name="City">Middleton</column>
            <column name="VenueId">45</column>
        </table>
        <table name="TourDates">
            <column name="ID">169</column>
            <column name="Date">2013-09-07</column>
            <column name="Time">7:30</column>
            <column name="the_venue">Sacred Hearts Festival</column>
            <column name="City">Sun Prairie</column>
            <column name="VenueId">39</column>
        </table>
        <table name="TourDates">
            <column name="ID">183</column>
            <column name="Date">2013-09-14</column>
            <column name="Time">5:30pm</column>
            <column name="the_venue">Badger Bowl</column>
            <column name="City">Madison</column>
            <column name="VenueId">46</column>
        </table>
        <table name="TourDates">
            <column name="ID">181</column>
            <column name="Date">2013-09-21</column>
            <column name="Time">9pm</column>
            <column name="the_venue">Dorf Haus</column>
            <column name="City">Roxbury</column>
            <column name="VenueId">91</column>
        </table>
        <table name="TourDates">
            <column name="ID">179</column>
            <column name="Date">2013-10-26</column>
            <column name="Time">9-1pm</column>
            <column name="the_venue">Club Tavern</column>
            <column name="City">Middleton</column>
            <column name="VenueId">45</column>
        </table>
        <table name="TourDates">
            <column name="ID">170</column>
            <column name="Date">2013-11-30</column>
            <column name="Time">TBA</column>
            <column name="the_venue">UW Field House</column>
            <column name="City">Madison</column>
            <column name="VenueId">14</column>
        </table>
        <table name="TourDates">
            <column name="ID">185</column>
            <column name="Date">2013-12-06</column>
            <column name="Time">9:30pm</column>
            <column name="the_venue">Pillars Pub</column>
            <column name="City">West Bend</column>
            <column name="VenueId">94</column>
        </table>
        <table name="TourDates">
            <column name="ID">186</column>
            <column name="Date">2014-04-26</column>
            <column name="Time">tba</column>
            <column name="the_venue"> Kestrel Ridge Golf Club </column>
            <column name="City">Columbus</column>
            <column name="VenueId">87</column>
        </table>
        <table name="TourDates">
            <column name="ID">187</column>
            <column name="Date">2014-07-12</column>
            <column name="Time">1:30 pm</column>
            <column name="the_venue">Art Fair on the Square</column>
            <column name="City">Madison</column>
            <column name="VenueId">95</column>
        </table>
        <table name="TourDates">
            <column name="ID">189</column>
            <column name="Date">2014-08-30</column>
            <column name="Time">2:30 pm</column>
            <column name="the_venue">Taste of Madison</column>
            <column name="City">Madison</column>
            <column name="VenueId">28</column>
        </table>
        <table name="TourDates">
            <column name="ID">188</column>
            <column name="Date">2014-09-06</column>
            <column name="Time">7:30 pm</column>
            <column name="the_venue">Sacred Hearts Festival</column>
            <column name="City">Sun Prairie</column>
            <column name="VenueId">39</column>
        </table>
        <table name="TourDates">
            <column name="ID">191</column>
            <column name="Date">2014-12-31</column>
            <column name="Time">09:00:00</column>
            <column name="the_venue">KEVA Sports Center</column>
            <column name="City">Middleton</column>
            <column name="VenueId">96</column>
        </table>
        <table name="TourDates">
            <column name="ID">194</column>
            <column name="Date">2015-04-25</column>
            <column name="Time">4:00 pm</column>
            <column name="the_venue">JP Foz's</column>
            <column name="City">West Bend</column>
            <column name="VenueId">98</column>
        </table>
        <table name="TourDates">
            <column name="ID">192</column>
            <column name="Date">2015-05-08</column>
            <column name="Time">07:00 pm</column>
            <column name="the_venue"> Kestrel Ridge Golf Club </column>
            <column name="City">Columbus</column>
            <column name="VenueId">87</column>
        </table>
        <table name="TourDates">
            <column name="ID">196</column>
            <column name="Date">2015-05-09</column>
            <column name="Time">09:00 pm</column>
            <column name="the_venue">Badger Bowl</column>
            <column name="City">Madison</column>
            <column name="VenueId">46</column>
        </table>
        <table name="TourDates">
            <column name="ID">197</column>
            <column name="Date">2015-07-25</column>
            <column name="Time">04:30 pm</column>
            <column name="the_venue">Poynette Street Dance</column>
            <column name="City">Poynette</column>
            <column name="VenueId">76</column>
        </table>
        <table name="TourDates">
            <column name="ID">195</column>
            <column name="Date">2015-08-29</column>
            <column name="Time">09:00 pm</column>
            <column name="the_venue">Hody Bar</column>
            <column name="City">Middleton</column>
            <column name="VenueId">97</column>
        </table>
        <table name="TourDates">
            <column name="ID">193</column>
            <column name="Date">2015-09-05</column>
            <column name="Time">4 pm</column>
            <column name="the_venue">Taste of Madison</column>
            <column name="City">Madison</column>
            <column name="VenueId">28</column>
        </table>
        <table name="TourDates">
            <column name="ID">198</column>
            <column name="Date">2016-04-22</column>
            <column name="Time">7:00 pm</column>
            <column name="the_venue"> Kestrel Ridge Golf Club </column>
            <column name="City">Columbus</column>
            <column name="VenueId">87</column>
        </table>
        <table name="TourDates">
            <column name="ID">200</column>
            <column name="Date">2017-03-18</column>
            <column name="Time">8:00 pm</column>
            <column name="the_venue">Bowl-A-Vard</column>
            <column name="City">Madison</column>
            <column name="VenueId">99</column>
        </table>
        <table name="TourDates">
            <column name="ID">199</column>
            <column name="Date">2017-05-12</column>
            <column name="Time">7:00 pm</column>
            <column name="the_venue"> Kestrel Ridge Golf Club </column>
            <column name="City">Columbus</column>
            <column name="VenueId">87</column>
        </table>
        <table name="TourDates">
            <column name="ID">201</column>
            <column name="Date">2018-06-09</column>
            <column name="Time">0</column>
            <column name="the_venue">Private Party</column>
            <column name="City">NULL</column>
            <column name="VenueId">100</column>
        </table>
        <table name="TourDates">
            <column name="ID">202</column>
            <column name="Date">2018-06-18</column>
            <column name="Time">6:00pm</column>
            <column name="the_venue">Warner Park Community Recreation Center</column>
            <column name="City">Madison</column>
            <column name="VenueId">101</column>
        </table>
        <table name="TourDates">
            <column name="ID">203</column>
            <column name="Date">2018-09-15</column>
            <column name="Time">7:30pm</column>
            <column name="the_venue">CANCELED - Kestrel Ridge Golf Club </column>
            <column name="City">Columbus</column>
            <column name="VenueId">87</column>
        </table>
    </database>
</pma_xml_export>