{
  "ccap-staff": {
    "staff": [
      {
        "nameF": "AARON",
        "nameL": "Bender",
        "phone": "261-6645",
        "loc": "6"
      },
      {
        "nameF": "AARON",
        "nameL": "Snook",
        "phone": "",
        "contractor": "true",
        "loc": "5"
      },
      {
        "nameF": "ADAM",
        "nameL": "Koeninger",
        "phone": "",
        "loc": "5"
      },
      {
        "nameF": "ADRIC",
        "nameL": "Holmes",
        "phone": "",
        "loc": "5"
      },
      {
        "nameF": "AMANDA",
        "nameL": "Faessler",
        "phone": "261-0687",
        "loc": "5"
      },
      {
        "nameF": "ANDREA",
        "nameL": "Olson",
        "phone": "264-6908",
        "loc": "5"
      },
      {
        "nameF": "ANDREA",
        "nameL": "Olson",
        "phone": "266-5751",
        "loc": "6"
      },
      {
        "nameF": "AUSTIN",
        "nameL": "Kruczek",
        "phone": "",
        "contractor": "true",
        "loc": "5"
      },
      {
        "nameF": "BILL",
        "nameL": "Severson",
        "phone": "266-7241",
        "loc": "5"
      },
      {
        "nameF": "BRIAN",
        "nameL": "Klockziem",
        "phone": "264-6906",
        "loc": "5"
      },
      {
        "nameF": "CHARLES",
        "nameL": "Winebrinner",
        "phone": "267-0697",
        "loc": "5"
      },
      {
        "nameF": "CHRIS",
        "nameL": "Molnar",
        "phone": "261-0682",
        "loc": "6"
      },
      {
        "nameF": "COLETTE",
        "nameL": "Lawlor",
        "phone": "261-6659",
        "loc": "6"
      },
      {
        "nameF": "DAKOTA",
        "nameL": "Steffen",
        "phone": "264-6241",
        "loc": "6"
      },
      {
        "nameF": "DAN",
        "nameL": "Brummel",
        "phone": "267-2809",
        "loc": "6"
      },
      {
        "nameF": "DERRICK",
        "nameL": "O’Donnell",
        "phone": "261-6647",
        "loc": "5"
      },
      {
        "nameF": "DONNA",
        "nameL": "Spear",
        "phone": "261-6657",
        "loc": "5"
      },
      {
        "nameF": "ELLEN",
        "nameL": "Peters",
        "phone": "264-6917",
        "loc": "5"
      },
      {
        "nameF": "ERIC",
        "nameL": "Katzelnick",
        "phone": "",
        "contractor": "true",
        "loc": "5",
        "isActive": "false"
      },
      {
        "nameF": "ERIC",
        "nameL": "Stephens",
        "phone": "261-6654",
        "loc": "6"
      },
      {
        "nameF": "FRANK",
        "nameL": "Fischer",
        "phone": "261-8261",
        "loc": "5"
      },
      {
        "nameF": "FRONT DESK",
        "nameL": "",
        "phone": "267-3728",
        "loc": "5"
      },
      {
        "nameF": "GARRICK",
        "nameL": "Veidel",
        "phone": "267-2047",
        "loc": "5"
      },
      {
        "nameF": "GEOFFREY",
        "nameL": "Bolinger",
        "phone": "",
        "contractor": "true",
        "loc": "5"
      },
      {
        "nameF": "GRANT",
        "nameL": "Nicolet",
        "phone": "266-7459",
        "loc": "5"
      },
      {
        "nameF": "GREGORY",
        "nameL": "Schlub",
        "phone": "261-6656",
        "loc": "6"
      },
      {
        "nameF": "HENRY",
        "nameL": "Parker",
        "phone": "",
        "contractor": "true",
        "loc": "5"
      },
      {
        "nameF": "ISAAC",
        "nameL": "Park",
        "phone": "266-9384",
        "loc": "5"
      },
      {
        "nameF": "IVAN",
        "nameL": "Jager",
        "phone": "",
        "loc": "5"
      },
      {
        "nameF": "JACOB",
        "nameL": "Ebenhoe",
        "phone": "266-9411",
        "loc": "5"
      },
      {
        "nameF": "JACQUE",
        "nameL": "Dicks",
        "phone": "267-0701",
        "loc": "5"
      },
      {
        "nameF": "JAMES",
        "nameL": "Colon",
        "phone": "",
        "loc": "6"
      },
      {
        "nameF": "JANE",
        "nameL": "Perepel",
        "phone": "261-6658",
        "loc": "5"
      },
      {
        "nameF": "JASON",
        "nameL": "Mack",
        "phone": "",
        "contractor": "true",
        "loc": "5"
      },
      {
        "nameF": "JASON",
        "nameL": "Walker",
        "phone": "",
        "contractor": "true",
        "loc": "5"
      },
      {
        "nameF": "JEAN",
        "nameL": "Bousquet",
        "phone": "267-0678",
        "loc": "5"
      },
      {
        "nameF": "JEFF",
        "nameL": "Lowden",
        "phone": "261-2358",
        "loc": "6"
      },
      {
        "nameF": "JEFF",
        "nameL": "Standiford",
        "phone": "267-0687",
        "loc": "5"
      },
      {
        "nameF": "JENN",
        "nameL": "Seubert",
        "phone": "267-0677",
        "loc": "5"
      },
      {
        "nameF": "JESSICA",
        "nameL": "Sash",
        "phone": "261-6649",
        "loc": "6"
      },
      {
        "nameF": "JOANNE",
        "nameL": "Leighty",
        "phone": "266-9409",
        "loc": "6"
      },
      {
        "nameF": "JOE",
        "nameL": "McCullough",
        "phone": "264-6900",
        "loc": "6"
      },
      {
        "nameF": "JOHN",
        "nameL": "Hutchins",
        "phone": "261-8279",
        "loc": "5"
      },
      {
        "nameF": "JUDY",
        "nameL": "Lewandowski",
        "phone": "266-7722",
        "loc": "5"
      },
      {
        "nameF": "JUDY",
        "nameL": "Seymour",
        "phone": "267-0686",
        "loc": "5"
      }
    ]
  }
}

