{
  "ccap-staff": {
    "staff": [
      {
        "nameF": "AARON",
        "nameL": "Bender",
        "phone": "261-6645",
        "contractor": null,
        "loc": 6,
        "active": true
      },
      {
        "nameF": "AARON",
        "nameL": "Snook",
        "phone": null,
        "contractor": true,
        "loc": 5,
        "active": true
      },
      {
        "nameF": "ADAM",
        "nameL": "Koeninger",
        "phone": null,
        "contractor": null,
        "loc": 5,
        "active": true
      },
      {
        "nameF": "vacant",
        "nameL": "(prev. Nick H.'s)",
        "phone": "267-0993",
        "contractor": null,
        "loc": 6,
        "active": true
      }
    ],
    "rev": {"asOf": "8-02-2019"}
  }
}
