<?xml version="1.0" encoding="ISO-8859-1"?>
<SC-500E countyNo="45" caseNo="2018SC000650">
  <UserDataList>
    <countyNo>45</countyNo>
    <caseNo>2018SC000650</caseNo>
    <isAmended>false</isAmended>
    <signatureCtofc>Jane Smith</signatureCtofc>
    <summonsIssued>09-27-2018</summonsIssued>
    <summonsMailed>09-27-2018</summonsMailed>
    <appearanceDate>10-04-2018</appearanceDate>
    <appearanceTime>09:00 am</appearanceTime>
    <filedDate>09-27-2018</filedDate>
    <defReqdReply>E</defReqdReply>
    <caseTypeDescr>Small Claims</caseTypeDescr>
  </UserDataList>
  <CaseSQ>
    <caseNo>2018SC000650</caseNo>
    <caption>test sash sc-500e with no location vs. test sash def</caption>
    <wcisClsCode>31001</wcisClsCode>
    <WcisClsCodeSQ>
      <descr>Sm Claim, Claim Under $ Limit</descr>
    </WcisClsCodeSQ>
  </CaseSQ>
  <xmlPartyList>
    <PartyAndPartyAddrRPQ>
      <partyType>PL</partyType>
      <fullName>test sash sc-500e with no location</fullName>
      <primAddr>11</primAddr>
      <secAddr>12</secAddr>
      <city>De Forest</city>
      <zip>53532</zip>
      <state>WI</state>
    </PartyAndPartyAddrRPQ>
    <PartyAndPartyAddrRPQ>
      <partyType>DE</partyType>
      <fullName>test sash def</fullName>
      <primAddr>21</primAddr>
      <secAddr>22</secAddr>
      <city>De Forest</city>
      <zip>53532</zip>
      <state>WI</state>
    </PartyAndPartyAddrRPQ>
  </xmlPartyList>
  <HeadingRPQ>
    <eFileFiledLine1>Ozaukee County, WI</eFileFiledLine1>
    <eFileFiledLine2>Mary Lou Mueller CoCC</eFileFiledLine2>
    <countyName>OZAUKEE</countyName>
    <countyNameMixed>Ozaukee</countyNameMixed>
    <caption>test sash sc-500e with no location vs. test sash def</caption>
    <systemDate>09-27-2018</systemDate>
    <systemTime>09:47 AM</systemTime>
    <caseNo>2018SC000650</caseNo>
    <isElectronicFiling>true</isElectronicFiling>
    <printSpanish>true</printSpanish>
    <ctofcStampName>Honorable Jane Smith</ctofcStampName>
  </HeadingRPQ>
</SC-500E>


