<?xml version="1.0"?>
<CCAP_QUERY_RESULT><eAccountNo hashkey="eAccountNo">1324052017</eAccountNo><additionalDocsCount hashkey="additionalDocsCount">2</additionalDocsCount><emailAddress hashkey="emailAddress">keesa@opd.wi.gov</emailAddress><emailChoice hashkey="emailChoice">D</emailChoice><attyNo hashkey="attyNo">1073980</attyNo><caseNo hashkey="caseNo">2019CM000479</caseNo><countyNo hashkey="countyNo">67</countyNo><prosAgencyNo hashkey="prosAgencyNo"/><attyAddrNo hashkey="attyAddrNo">38</attyAddrNo><submittedUTC hashkey="submittedUTC">2019-03-11T21:27:45.499Z</submittedUTC><schedCode hashkey="schedule/schedCode"/><schedEffDate hashkey="schedule/schedEffDate"/><schedAmount hashkey="schedule/schedAmount"/><batchID hashkey="batchID">1752025793</batchID><correlationID hashkey="correlationID">1752025795</correlationID><isFilingAgent hashkey="isFilingAgent">false</isFilingAgent><courtDebitAccountNo hashkey="courtDebitAccountNo"/><paymentDeferred hashkey="paymentDeferred"/><paymentDeferredForUsAttorney hashkey="paymentDeferredForUsAttorney"/><parties listkey="parties"><party recordkey="party" recordClass="gov.wicourts.ccap.intclients.efiling.opt.in.ECaseParticipationParty"><partyNo fieldkey="partyNo">1</partyNo><purpose fieldkey="purpose">
        NOR_OPT_IN
      </purpose><prosAgencyNo fieldkey="prosAgencyNo"/></party></parties><partyNo hashkey="partyNo"/><pdfData hashkey="pdfData">JVBERi0xLjcNCiWhs8XXDQoxIDAgb2JqDQo8PC9QYWdlcyAyID</pdfData><isCourtAppointed hashkey="isCourtAppointed">true</isCourtAppointed><formNumber hashkey="formNumber">CR-X10</formNumber></CCAP_QUERY_RESULT>
