<?xml version="1.0" encoding="ISO-8859-1"?>
<SC-502 countyNo="49" id="178033" screenName="CivilJdgmtJTP" caseNo="2016SC000476" civilJdgmtSeqNo="1" report.ReportName="SC-502" report.XMLUsage="primary">
  <UserDataList>
    <xmlUsage>primary</xmlUsage>
    <judicialReview>false</judicialReview>
    <eSign>true</eSign>
    <printUnsigned>false</printUnsigned>
    <ctofcTypeCode>A</ctofcTypeCode>
    <ctofcTypeDescr>Judge</ctofcTypeDescr>
    <printCourtOriginal>true</printCourtOriginal>
    <isPrintedMsgs>The 'Notice of Entry of Judgment' printed for Case 2016SC000476. Add the NEJ event?</isPrintedMsgs>
    <isAmended>false</isAmended>
    <ctofcNo>2467</ctofcNo>
    <eSignatureDate>11-01-2019</eSignatureDate>
    <eSignOptionGroup>S</eSignOptionGroup>
    <signatureName>Thomas B. Eagon</signatureName>
    <ctofcNameL />
    <ctofcNameM />
    <ctofcNameF />
    <ctofcSuffix />
    <fileStamp>false</fileStamp>
    <eSignatureName />
    <countyNo>49</countyNo>
    <sysDate>11-01-2019</sysDate>
    <sysTime>04:37 pm</sysTime>
    <barCodeDir>C:\Users\theiber\AppData\Local\Temp\80\Barcodes/</barCodeDir>
    <id>178033</id>
  </UserDataList>
  <ReportConfigRPQ xmlUsage="primary" xmlName="SC-502">
    <xmlName>SC-502</xmlName>
    <xmlUsage>primary</xmlUsage>
    <signatureName />
    <ctofcTypeDescr />
    <signatureDate>11-01-2019</signatureDate>
    <judicialReview>false</judicialReview>
    <fileStamp>false</fileStamp>
    <printCourtOriginal>true</printCourtOriginal>
    <dspRptConfigDialog>false</dspRptConfigDialog>
    <dspFinDiscloseTxt>true</dspFinDiscloseTxt>
  </ReportConfigRPQ>
  <LoopOnRecordListRPQ countyNo="49">
    <countyNo>49</countyNo>
    <caseNo>2016SC000476</caseNo>
    <civilJdgmtSeqNo>1</civilJdgmtSeqNo>
    <eventType />
    <histSeqNo />
    <partyNo />
    <reportName>SC-502</reportName>
    <isElectronicFiling>false</isElectronicFiling>
    <HeadingRPQ countyName="PORTAGE" countyNameMixed="Portage">
      <countyName>PORTAGE</countyName>
      <countyNameMixed>Portage</countyNameMixed>
      <countyNo>49</countyNo>
      <systemDate>11-01-2019</systemDate>
      <systemTime>04:37 pm</systemTime>
      <caption>Lori M Knitter vs. Miguel Mendellin</caption>
      <fullName>Robert Shannon</fullName>
      <caseNo>2016SC000476</caseNo>
      <wcisClsCode>31004 - Small Claims, Eviction</wcisClsCode>
      <caseTypeDescr>Small Claims</caseTypeDescr>
      <sysMailData>11-01-2019</sysMailData>
      <oldCaseNo />
      <padCountyNo>49</padCountyNo>
      <ctofcNo>2656</ctofcNo>
      <branchId>2</branchId>
      <districtNo>9</districtNo>
      <filingDate>04-15-2016</filingDate>
      <signatureDate>11-01-2019</signatureDate>
      <isElectronicFiling>false</isElectronicFiling>
      <isElectRcvblOn>true</isElectRcvblOn>
      <isPrintEpayment>true</isPrintEpayment>
      <eFileFiledLine1>Circuit Court</eFileFiledLine1>
      <eFileFiledLine2>Portage County</eFileFiledLine2>
      <eFileRcdLine1 />
      <eFileRcdLine2 />
      <ripFiledStampLine1>Register in Probate</ripFiledStampLine1>
      <ripFiledStampLine2>Portage County</ripFiledStampLine2>
      <jcFiledStampLine1 />
      <jcFiledStampLine2 />
      <caseType>SC</caseType>
      <classCode>31004</classCode>
      <fileStampType>COC</fileStampType>
      <daCaseNo />
      <printSpanish>false</printSpanish>
      <ripFullName>Chris Marfilius</ripFullName>
      <jcFullName />
      <clerkPhone>715-346-1364</clerkPhone>
      <clerkExt />
    </HeadingRPQ>
    <partyList DbQueryClass="NoticeJdgmtPartySC502RPQ">
      <NoticeJdgmtPartySC502RPQ counter="1">
        <caseNo>2016SC000476</caseNo>
        <civilJdgmtSeqNo>1</civilJdgmtSeqNo>
        <partyNo>1</partyNo>
        <countyNo>49</countyNo>
        <counter>1</counter>
        <fullName>LORI M KNITTER</fullName>
        <firm />
        <primAddr>3256 WHITING AVE</primAddr>
        <secAddr />
        <city>STEVENS POINT</city>
        <state>WI</state>
        <country>UNITED STATES</country>
        <fullNameMixed>Lori M Knitter</fullNameMixed>
        <firmMixed />
        <primAddrMixed>3256 Whiting Ave</primAddrMixed>
        <secAddrMixed />
        <cityMixed>Stevens Point</cityMixed>
        <stateMixed>WI</stateMixed>
        <zip>54481</zip>
        <countryMixed>United States</countryMixed>
        <prisonerId />
        <isENotice>false</isENotice>
        <totalParties>2</totalParties>
        <isSealedName>false</isSealedName>
        <isSealedAddress>false</isSealedAddress>
        <isProtectedAddress>false</isProtectedAddress>
        <jdgmtPartyNo>1</jdgmtPartyNo>
        <isSentNotc>false</isSentNotc>
        <aliasList DbQueryClass="AliasRPQ" />
      </NoticeJdgmtPartySC502RPQ>
      <NoticeJdgmtPartySC502RPQ counter="2">
        <caseNo>2016SC000476</caseNo>
        <civilJdgmtSeqNo>1</civilJdgmtSeqNo>
        <partyNo>2</partyNo>
        <countyNo>49</countyNo>
        <counter>2</counter>
        <fullName>MIGUEL MENDELLIN</fullName>
        <firm />
        <primAddr>817 FRANKLIN ST</primAddr>
        <secAddr />
        <city>STEVENS POINT</city>
        <state>WI</state>
        <country>UNITED STATES</country>
        <fullNameMixed>Miguel Mendellin</fullNameMixed>
        <firmMixed />
        <primAddrMixed>817 Franklin St</primAddrMixed>
        <secAddrMixed />
        <cityMixed>Stevens Point</cityMixed>
        <stateMixed>WI</stateMixed>
        <zip>54481</zip>
        <countryMixed>United States</countryMixed>
        <prisonerId />
        <isENotice>false</isENotice>
        <totalParties>2</totalParties>
        <isSealedName>false</isSealedName>
        <isSealedAddress>false</isSealedAddress>
        <isProtectedAddress>false</isProtectedAddress>
        <jdgmtPartyNo>2</jdgmtPartyNo>
        <isSentNotc>false</isSentNotc>
        <aliasList DbQueryClass="AliasRPQ" />
      </NoticeJdgmtPartySC502RPQ>
    </partyList>
    <CivilJdgmtRPQ jdgmtDate="2016-05-03">
      <caseNo>2016SC000476</caseNo>
      <civilJdgmtSeqNo>1</civilJdgmtSeqNo>
      <countyNo>49</countyNo>
      <jdgmtDate>05-03-2016</jdgmtDate>
      <svcDateFrom />
      <svcDateTo />
      <dateDkted>05-09-2016</dateDkted>
      <dorAcctNo />
      <timeDkted>02:15 pm</timeDkted>
      <dorWarrantNo />
      <pdOfYear />
      <typeOfTax />
      <propertyDescr />
      <jdgmtLienType>Judgment for money</jdgmtLienType>
      <totAmt>2227.73</totAmt>
      <amount>2063.23</amount>
      <interest>0.00</interest>
      <interestNEJ>0.00</interestNEJ>
      <preJdgmtIntNEJ>0.00</preJdgmtIntNEJ>
      <costs>164.50</costs>
      <witnessFee>0.00</witnessFee>
      <attorneyFee>0.00</attorneyFee>
      <service>60.00</service>
      <docketingFee>5.00</docketingFee>
      <other>5.00</other>
      <filingFee>94.50</filingFee>
      <satisfactionAmt>0.00</satisfactionAmt>
      <netDue>2227.73</netDue>
    </CivilJdgmtRPQ>
    <jdgmtPartyList DbQueryClass="JdgmtPartyRPQ">
      <JdgmtPartyRPQ jdgmtPartyNo="1">
        <jdgmtPartyNo>1</jdgmtPartyNo>
        <countyNo>49</countyNo>
        <caseNo>2016SC000476</caseNo>
        <civilJdgmtSeqNo>1</civilJdgmtSeqNo>
        <partyType>CR</partyType>
        <nameF>Lori</nameF>
        <nameM>M</nameM>
        <nameL>Knitter</nameL>
        <suffix />
        <fullName>Lori M Knitter</fullName>
        <secAddr />
        <primAddr>3256 Whiting Ave</primAddr>
        <city>Stevens Point</city>
        <state>WI</state>
        <zip>54481</zip>
        <phone />
        <partyNo>1</partyNo>
        <prisonerId />
        <isENotice>false</isENotice>
        <aliasList DbQueryClass="AliasRSQ" />
        <attyList DbQueryClass="JdgmtPartyAttyRPQ" />
      </JdgmtPartyRPQ>
      <JdgmtPartyRPQ jdgmtPartyNo="2">
        <jdgmtPartyNo>2</jdgmtPartyNo>
        <countyNo>49</countyNo>
        <caseNo>2016SC000476</caseNo>
        <civilJdgmtSeqNo>1</civilJdgmtSeqNo>
        <partyType>DB</partyType>
        <nameF>Miguel</nameF>
        <nameM />
        <nameL>Mendellin</nameL>
        <suffix />
        <fullName>Miguel Mendellin</fullName>
        <secAddr />
        <primAddr>817 Franklin St</primAddr>
        <city>Stevens Point</city>
        <state>WI</state>
        <zip>54481</zip>
        <phone />
        <partyNo>2</partyNo>
        <prisonerId />
        <isENotice>false</isENotice>
        <aliasList DbQueryClass="AliasRSQ" />
        <attyList DbQueryClass="JdgmtPartyAttyRPQ" />
      </JdgmtPartyRPQ>
    </jdgmtPartyList>
    <distinctAttyList DbQueryClass="JdgmtPartyAttyListRPQ" />
  </LoopOnRecordListRPQ>
</SC-502>


